"Time","root.tianjin.xiqing.university.CP001.current","root.tianjin.xiqing.university.CP001.charging_time","root.tianjin.xiqing.university.CP001.charging_user_id","root.tianjin.xiqing.university.CP001.status_user_id","root.tianjin.xiqing.university.CP001.op_id","root.tianjin.xiqing.university.CP001.status_time","root.tianjin.xiqing.university.CP001.voltage","root.tianjin.xiqing.university.CP001.status"
987455640,-100.0,987455640,"",system,"000000-000000-000000-000002",987455640,-100.0,2
987456640,0.01,987456640,"",system,"000000-000000-000000-000002",987456640,1.754839,1
987458640,0.01,987458640,"",system,"000000-000000-000000-000002",987458640,1.754839,1
987460640,0.01,987460640,"",system,"000000-000000-000000-000002",987460640,1.754839,1
987462640,0.01,987462640,"",system,"000000-000000-000000-000002",987462640,1.758065,1
987464640,0.01,987464640,"",system,"000000-000000-000000-000002",987464640,1.754839,1
987466640,-99.0,987466640,"",system,"000000-000000-000000-000002",987466640,-99.0,3
987467640,-1.0,987467640,"",system,"000000-000000-000000-000002",987467640,-1.0,0
